{"name":"cb68e469-98c5-4ecb-ba97-eee2a05d0dbe","id":"/providers/Microsoft.Flow/flows/cb68e469-98c5-4ecb-ba97-eee2a05d0dbe","type":"Microsoft.Flow/flows","properties":{"apiId":"/providers/Microsoft.PowerApps/apis/shared_logicflows","displayName":"OutlookPictureSwap","definition":{"metadata":{"workflowEntityId":null,"processAdvisorMetadata":null,"flowclientsuspensionreason":"None","flowclientsuspensiontime":null,"creator":{"id":"136dbf37-39d1-43c9-8e8c-76ae1f775bd0","type":"User","tenantId":"72f988bf-86f1-41af-91ab-2d7cd011db47"},"provisioningMethod":"FromDefinition","failureAlertSubscription":true,"clientLastModifiedTime":"2022-03-29T04:45:23.2531096Z"},"$schema":"https://schema.management.azure.com/providers/Microsoft.Logic/schemas/2016-06-01/workflowdefinition.json#","contentVersion":"1.0.0.0","parameters":{"$connections":{"defaultValue":{},"type":"Object"},"$authentication":{"defaultValue":{},"type":"SecureObject"}},"triggers":{"Recurrence":{"recurrence":{"frequency":"Day","interval":1,"startTime":"2022-03-28T14:00:00.000Z"},"metadata":{"operationMetadataId":"f36bafa4-5b4f-42d7-8839-6f7aa3c8d8a0"},"type":"Recurrence"}},"actions":{"List_files_in_folder":{"runAfter":{"Create_NewPicture_var":["Succeeded"]},"metadata":{"b!NKCgnRm11Um8s6KWn-z_JnvK_-8YEhVCgCSXwsp6PFsQkRjgN_w7R4YWZ0qTnqIL.01FOWQX7T5RHYZVLEMCFHJFPZ35M3FBOTL":"/Pictures/idphotos","operationMetadataId":"f9588f8d-7e64-489b-b36a-35c427ed5c24"},"type":"OpenApiConnection","inputs":{"host":{"apiId":"/providers/Microsoft.PowerApps/apis/shared_onedriveforbusiness","connectionName":"shared_onedriveforbusiness","operationId":"ListFolderV2"},"parameters":{"id":"b!NKCgnRm11Um8s6KWn-z_JnvK_-8YEhVCgCSXwsp6PFsQkRjgN_w7R4YWZ0qTnqIL.01FOWQX7T5RHYZVLEMCFHJFPZ35M3FBOTL"},"authentication":"@parameters('$authentication')"}},"Create_NewPicture_var":{"runAfter":{"Create_AllPhotos_var":["Succeeded"]},"metadata":{"operationMetadataId":"56ca94ae-903b-4b2d-bcc1-194411b9e404"},"type":"InitializeVariable","inputs":{"variables":[{"name":"NewPicture","type":"object"}]}},"Update_my_profile_photo":{"runAfter":{"Get_file_content":["Succeeded"]},"metadata":{"operationMetadataId":"25da3135-f484-4b82-97fb-491d4501f5c6"},"type":"OpenApiConnection","inputs":{"host":{"apiId":"/providers/Microsoft.PowerApps/apis/shared_office365users","connectionName":"shared_office365users","operationId":"UpdateMyPhoto"},"parameters":{"body":"@body('Get_file_content')","Content-Type":"image/jpeg"},"authentication":"@parameters('$authentication')"}},"Get_file_content":{"runAfter":{"Pick_random_in_range":["Succeeded"]},"metadata":{"operationMetadataId":"e860e596-da26-49d7-b857-cb367c7bd153"},"type":"OpenApiConnection","inputs":{"host":{"apiId":"/providers/Microsoft.PowerApps/apis/shared_onedriveforbusiness","connectionName":"shared_onedriveforbusiness","operationId":"GetFileContent"},"parameters":{"id":"@outputs('Pick_random_in_range')","inferContentType":true},"authentication":"@parameters('$authentication')"}},"Create_AllPhotos_var":{"runAfter":{},"metadata":{"operationMetadataId":"4cd346c5-ebcf-4bf8-b026-b2e6f21afad5"},"type":"InitializeVariable","inputs":{"variables":[{"name":"AllPhotos","type":"array"}]}},"Apply_to_each":{"foreach":"@outputs('List_files_in_folder')?['body/value']","actions":{"Append_to_array_variable":{"runAfter":{},"metadata":{"operationMetadataId":"81437330-fde6-4b89-bb28-69c6a8aac9a0"},"type":"AppendToArrayVariable","inputs":{"name":"AllPhotos","value":"@items('Apply_to_each')?['Id']"}}},"runAfter":{"List_files_in_folder":["Succeeded"]},"metadata":{"operationMetadataId":"54a9a068-6cd7-46c5-9bf7-6e706fb23d14"},"type":"Foreach"},"Count_to_max_in_range":{"runAfter":{"Apply_to_each":["Succeeded"]},"metadata":{"operationMetadataId":"c4da3121-1c55-4605-b9b7-070edd4d4e25"},"type":"Compose","inputs":"@rand(0,length(variables('AllPhotos')))"},"Pick_random_in_range":{"runAfter":{"Count_to_max_in_range":["Succeeded"]},"metadata":{"operationMetadataId":"e3b34efc-404c-4a29-bbc9-c0c74ac40cbf"},"type":"Compose","inputs":"@variables('AllPhotos')?[outputs('Count_to_max_in_range')]"}}},"connectionReferences":{"shared_onedriveforbusiness":{"connectionName":"shared-onedriveforbu-3aa16215-1316-454f-8b6a-cddb005eccd1","source":"Embedded","id":"/providers/Microsoft.PowerApps/apis/shared_onedriveforbusiness","tier":"NotSpecified"},"shared_office365users":{"connectionName":"shared-office365user-30b81c97-ee79-4ac6-9eac-a38696b84b98","source":"Embedded","id":"/providers/Microsoft.PowerApps/apis/shared_office365users","tier":"NotSpecified"}},"flowFailureAlertSubscribed":false,"isManaged":false}}